{
  "gizmos-infos": {
    "is2D": true,
    "is3DIcon": false,
    "iconSize": 2,
    "gridVisible": true,
    "gridColor": [
      166,
      166,
      166,
      255
    ],
    "transformToolName": "position",
    "pivot": "center",
    "coordinate": "local",
    "toolsVisibility3d": true
  },
  "__version__": "1.0.0",
  "builder": {},
  "snap-configs": {
    "position": {
      "x": 1,
      "y": 1,
      "z": 1
    },
    "rotation": 1,
    "scale": 1,
    "isPositionSnapEnabled": false,
    "isRotationSnapEnabled": false,
    "isScaleSnapEnabled": false
  },
  "rect-snap-configs": {
    "enableSnapping": true,
    "snapThreshold": 4
  },
  "": {
    "sculpt_brush_rotate": 0
  },
  "float-window": {
    "position": {
      "cc": {
        "Camera": {
          "dock": false,
          "top": null,
          "bottom": 10,
          "left": null,
          "right": 10
        }
      }
    }
  },
  "camera-infos": {
    "a585df7b-913f-46c7-9781-f1163a1050a7": {
      "position": {
        "x": 638.4590511302731,
        "y": -158.833155575825,
        "z": 5000
      },
      "rotation": {
        "x": 0,
        "y": 0,
        "z": 0,
        "w": 1
      },
      "viewCenter": {
        "x": 0,
        "y": 0,
        "z": 0
      },
      "contentRect": {
        "x": 499.65997887198904,
        "y": -1355.3480929650568,
        "width": 65.30957135555877,
        "height": 563
      },
      "scale": 0.23526659902318192
    },
    "c77ecaa8-c936-46c4-a5b0-98692673ed87": {
      "position": {
        "x": 319.99999999999994,
        "y": 480,
        "z": 5000
      },
      "rotation": {
        "x": 0,
        "y": 0,
        "z": 0,
        "w": 1
      },
      "viewCenter": {
        "x": 0,
        "y": 0,
        "z": 0
      },
      "contentRect": {
        "x": 0,
        "y": 5.656061578189852e-14,
        "width": 402,
        "height": 603
      },
      "scale": 0.628125
    },
    "00fffd97-9931-48d5-99ee-a7f6141ca638": {
      "position": {
        "x": 329.3933433767502,
        "y": 442.33988630460055,
        "z": 5000
      },
      "rotation": {
        "x": 0,
        "y": 0,
        "z": 0,
        "w": 1
      },
      "viewCenter": {
        "x": 0,
        "y": 0,
        "z": 0
      },
      "contentRect": {
        "x": -90.80541675897831,
        "y": -187.9582538989922,
        "width": 630,
        "height": 945
      },
      "scale": 0.7496452390726992
    }
  },
  "camera-uuids": [
    "a585df7b-913f-46c7-9781-f1163a1050a7",
    "c77ecaa8-c936-46c4-a5b0-98692673ed87",
    "00fffd97-9931-48d5-99ee-a7f6141ca638"
  ],
  "camera": {
    "color": [
      48,
      48,
      48,
      255
    ],
    "fov": 45,
    "far": 10000,
    "near": 0.01,
    "wheelSpeed": 0.01,
    "wanderSpeed": 10,
    "enableAcceleration": true,
    "size": "__default_design__",
    "far2D": 10000,
    "near2D": 1,
    "wheelSpeed2D": 6,
    "iso": 0,
    "aperture": 19,
    "shutter": 7
  },
  "game-view": {
    "fullScreen": true,
    "scaleValue": 81,
    "sliderValue": 39
  },
  "scene_view": {
    "isSceneLightOn": null,
    "output_device": "__default_design__"
  }
}
